[{"model": "admin.logentry", "pk": 1, "fields": {"action_time": "2024-06-11T18:26:37.545Z", "user": 1, "content_type": 4, "object_id": "2", "object_repr": "owner", "action_flag": 1, "change_message": "[{\"added\": {}}]"}}, {"model": "admin.logentry", "pk": 2, "fields": {"action_time": "2024-06-11T18:26:50.041Z", "user": 1, "content_type": 4, "object_id": "3", "object_repr": "client", "action_flag": 1, "change_message": "[{\"added\": {}}]"}}, {"model": "admin.logentry", "pk": 3, "fields": {"action_time": "2024-06-11T18:26:54.440Z", "user": 1, "content_type": 3, "object_id": "1", "object_repr": "owner", "action_flag": 1, "change_message": "[{\"added\": {}}]"}}, {"model": "admin.logentry", "pk": 4, "fields": {"action_time": "2024-06-11T18:27:07.888Z", "user": 1, "content_type": 4, "object_id": "2", "object_repr": "owner", "action_flag": 2, "change_message": "[{\"changed\": {\"fields\": [\"Groups\"]}}]"}}, {"model": "auth.permission", "pk": 1, "fields": {"name": "Can add log entry", "content_type": 1, "codename": "add_logentry"}}, {"model": "auth.permission", "pk": 2, "fields": {"name": "Can change log entry", "content_type": 1, "codename": "change_logentry"}}, {"model": "auth.permission", "pk": 3, "fields": {"name": "Can delete log entry", "content_type": 1, "codename": "delete_logentry"}}, {"model": "auth.permission", "pk": 4, "fields": {"name": "Can view log entry", "content_type": 1, "codename": "view_logentry"}}, {"model": "auth.permission", "pk": 5, "fields": {"name": "Can add permission", "content_type": 2, "codename": "add_permission"}}, {"model": "auth.permission", "pk": 6, "fields": {"name": "Can change permission", "content_type": 2, "codename": "change_permission"}}, {"model": "auth.permission", "pk": 7, "fields": {"name": "Can delete permission", "content_type": 2, "codename": "delete_permission"}}, {"model": "auth.permission", "pk": 8, "fields": {"name": "Can view permission", "content_type": 2, "codename": "view_permission"}}, {"model": "auth.permission", "pk": 9, "fields": {"name": "Can add group", "content_type": 3, "codename": "add_group"}}, {"model": "auth.permission", "pk": 10, "fields": {"name": "Can change group", "content_type": 3, "codename": "change_group"}}, {"model": "auth.permission", "pk": 11, "fields": {"name": "Can delete group", "content_type": 3, "codename": "delete_group"}}, {"model": "auth.permission", "pk": 12, "fields": {"name": "Can view group", "content_type": 3, "codename": "view_group"}}, {"model": "auth.permission", "pk": 13, "fields": {"name": "Can add user", "content_type": 4, "codename": "add_user"}}, {"model": "auth.permission", "pk": 14, "fields": {"name": "Can change user", "content_type": 4, "codename": "change_user"}}, {"model": "auth.permission", "pk": 15, "fields": {"name": "Can delete user", "content_type": 4, "codename": "delete_user"}}, {"model": "auth.permission", "pk": 16, "fields": {"name": "Can view user", "content_type": 4, "codename": "view_user"}}, {"model": "auth.permission", "pk": 17, "fields": {"name": "Can add content type", "content_type": 5, "codename": "add_contenttype"}}, {"model": "auth.permission", "pk": 18, "fields": {"name": "Can change content type", "content_type": 5, "codename": "change_contenttype"}}, {"model": "auth.permission", "pk": 19, "fields": {"name": "Can delete content type", "content_type": 5, "codename": "delete_contenttype"}}, {"model": "auth.permission", "pk": 20, "fields": {"name": "Can view content type", "content_type": 5, "codename": "view_contenttype"}}, {"model": "auth.permission", "pk": 21, "fields": {"name": "Can add session", "content_type": 6, "codename": "add_session"}}, {"model": "auth.permission", "pk": 22, "fields": {"name": "Can change session", "content_type": 6, "codename": "change_session"}}, {"model": "auth.permission", "pk": 23, "fields": {"name": "Can delete session", "content_type": 6, "codename": "delete_session"}}, {"model": "auth.permission", "pk": 24, "fields": {"name": "Can view session", "content_type": 6, "codename": "view_session"}}, {"model": "auth.permission", "pk": 25, "fields": {"name": "Can add auth group", "content_type": 7, "codename": "add_authgroup"}}, {"model": "auth.permission", "pk": 26, "fields": {"name": "Can change auth group", "content_type": 7, "codename": "change_authgroup"}}, {"model": "auth.permission", "pk": 27, "fields": {"name": "Can delete auth group", "content_type": 7, "codename": "delete_authgroup"}}, {"model": "auth.permission", "pk": 28, "fields": {"name": "Can view auth group", "content_type": 7, "codename": "view_authgroup"}}, {"model": "auth.permission", "pk": 29, "fields": {"name": "Can add auth group permissions", "content_type": 8, "codename": "add_authgrouppermissions"}}, {"model": "auth.permission", "pk": 30, "fields": {"name": "Can change auth group permissions", "content_type": 8, "codename": "change_authgrouppermissions"}}, {"model": "auth.permission", "pk": 31, "fields": {"name": "Can delete auth group permissions", "content_type": 8, "codename": "delete_authgrouppermissions"}}, {"model": "auth.permission", "pk": 32, "fields": {"name": "Can view auth group permissions", "content_type": 8, "codename": "view_authgrouppermissions"}}, {"model": "auth.permission", "pk": 33, "fields": {"name": "Can add auth permission", "content_type": 9, "codename": "add_authpermission"}}, {"model": "auth.permission", "pk": 34, "fields": {"name": "Can change auth permission", "content_type": 9, "codename": "change_authpermission"}}, {"model": "auth.permission", "pk": 35, "fields": {"name": "Can delete auth permission", "content_type": 9, "codename": "delete_authpermission"}}, {"model": "auth.permission", "pk": 36, "fields": {"name": "Can view auth permission", "content_type": 9, "codename": "view_authpermission"}}, {"model": "auth.permission", "pk": 37, "fields": {"name": "Can add auth user", "content_type": 10, "codename": "add_authuser"}}, {"model": "auth.permission", "pk": 38, "fields": {"name": "Can change auth user", "content_type": 10, "codename": "change_authuser"}}, {"model": "auth.permission", "pk": 39, "fields": {"name": "Can delete auth user", "content_type": 10, "codename": "delete_authuser"}}, {"model": "auth.permission", "pk": 40, "fields": {"name": "Can view auth user", "content_type": 10, "codename": "view_authuser"}}, {"model": "auth.permission", "pk": 41, "fields": {"name": "Can add auth user groups", "content_type": 11, "codename": "add_authusergroups"}}, {"model": "auth.permission", "pk": 42, "fields": {"name": "Can change auth user groups", "content_type": 11, "codename": "change_authusergroups"}}, {"model": "auth.permission", "pk": 43, "fields": {"name": "Can delete auth user groups", "content_type": 11, "codename": "delete_authusergroups"}}, {"model": "auth.permission", "pk": 44, "fields": {"name": "Can view auth user groups", "content_type": 11, "codename": "view_authusergroups"}}, {"model": "auth.permission", "pk": 45, "fields": {"name": "Can add auth user user permissions", "content_type": 12, "codename": "add_authuseruserpermissions"}}, {"model": "auth.permission", "pk": 46, "fields": {"name": "Can change auth user user permissions", "content_type": 12, "codename": "change_authuseruserpermissions"}}, {"model": "auth.permission", "pk": 47, "fields": {"name": "Can delete auth user user permissions", "content_type": 12, "codename": "delete_authuseruserpermissions"}}, {"model": "auth.permission", "pk": 48, "fields": {"name": "Can view auth user user permissions", "content_type": 12, "codename": "view_authuseruserpermissions"}}, {"model": "auth.permission", "pk": 49, "fields": {"name": "Can add django content type", "content_type": 13, "codename": "add_djangocontenttype"}}, {"model": "auth.permission", "pk": 50, "fields": {"name": "Can change django content type", "content_type": 13, "codename": "change_djangocontenttype"}}, {"model": "auth.permission", "pk": 51, "fields": {"name": "Can delete django content type", "content_type": 13, "codename": "delete_djangocontenttype"}}, {"model": "auth.permission", "pk": 52, "fields": {"name": "Can view django content type", "content_type": 13, "codename": "view_djangocontenttype"}}, {"model": "auth.permission", "pk": 53, "fields": {"name": "Can add django migrations", "content_type": 14, "codename": "add_djangomigrations"}}, {"model": "auth.permission", "pk": 54, "fields": {"name": "Can change django migrations", "content_type": 14, "codename": "change_djangomigrations"}}, {"model": "auth.permission", "pk": 55, "fields": {"name": "Can delete django migrations", "content_type": 14, "codename": "delete_djangomigrations"}}, {"model": "auth.permission", "pk": 56, "fields": {"name": "Can view django migrations", "content_type": 14, "codename": "view_djangomigrations"}}, {"model": "auth.permission", "pk": 57, "fields": {"name": "Can add django session", "content_type": 15, "codename": "add_djangosession"}}, {"model": "auth.permission", "pk": 58, "fields": {"name": "Can change django session", "content_type": 15, "codename": "change_djangosession"}}, {"model": "auth.permission", "pk": 59, "fields": {"name": "Can delete django session", "content_type": 15, "codename": "delete_djangosession"}}, {"model": "auth.permission", "pk": 60, "fields": {"name": "Can view django session", "content_type": 15, "codename": "view_djangosession"}}, {"model": "auth.permission", "pk": 61, "fields": {"name": "Can add django admin log", "content_type": 16, "codename": "add_djangoadminlog"}}, {"model": "auth.permission", "pk": 62, "fields": {"name": "Can change django admin log", "content_type": 16, "codename": "change_djangoadminlog"}}, {"model": "auth.permission", "pk": 63, "fields": {"name": "Can delete django admin log", "content_type": 16, "codename": "delete_djangoadminlog"}}, {"model": "auth.permission", "pk": 64, "fields": {"name": "Can view django admin log", "content_type": 16, "codename": "view_djangoadminlog"}}, {"model": "auth.permission", "pk": 65, "fields": {"name": "Can add product", "content_type": 17, "codename": "add_product"}}, {"model": "auth.permission", "pk": 66, "fields": {"name": "Can change product", "content_type": 17, "codename": "change_product"}}, {"model": "auth.permission", "pk": 67, "fields": {"name": "Can delete product", "content_type": 17, "codename": "delete_product"}}, {"model": "auth.permission", "pk": 68, "fields": {"name": "Can view product", "content_type": 17, "codename": "view_product"}}, {"model": "auth.permission", "pk": 69, "fields": {"name": "Can add order", "content_type": 18, "codename": "add_order"}}, {"model": "auth.permission", "pk": 70, "fields": {"name": "Can change order", "content_type": 18, "codename": "change_order"}}, {"model": "auth.permission", "pk": 71, "fields": {"name": "Can delete order", "content_type": 18, "codename": "delete_order"}}, {"model": "auth.permission", "pk": 72, "fields": {"name": "Can view order", "content_type": 18, "codename": "view_order"}}, {"model": "auth.permission", "pk": 73, "fields": {"name": "Can add review", "content_type": 19, "codename": "add_review"}}, {"model": "auth.permission", "pk": 74, "fields": {"name": "Can change review", "content_type": 19, "codename": "change_review"}}, {"model": "auth.permission", "pk": 75, "fields": {"name": "Can delete review", "content_type": 19, "codename": "delete_review"}}, {"model": "auth.permission", "pk": 76, "fields": {"name": "Can view review", "content_type": 19, "codename": "view_review"}}, {"model": "auth.group", "pk": 1, "fields": {"name": "owner", "permissions": []}}, {"model": "auth.user", "pk": 1, "fields": {"password": "pbkdf2_sha256$720000$5HL3poC6vcoWpkpjWNBC5U$C/TH2d8/nQGdW3ABmi/1nbr2MwqZO2diiAn1dCCayHw=", "last_login": "2024-06-11T18:26:07.339Z", "is_superuser": true, "username": "admin", "first_name": "", "last_name": "", "email": "admin@admin.adm", "is_staff": true, "is_active": true, "date_joined": "2024-06-11T18:26:03.886Z", "groups": [], "user_permissions": []}}, {"model": "auth.user", "pk": 2, "fields": {"password": "pbkdf2_sha256$720000$DZfuSq7PwhQ2EODVWFbHo9$1+RNwE/NUUmbVSdb9INS6t6dM96bRaBblBiYi2C4ESs=", "last_login": "2024-06-11T18:43:24.507Z", "is_superuser": false, "username": "owner", "first_name": "", "last_name": "", "email": "", "is_staff": false, "is_active": true, "date_joined": "2024-06-11T18:26:37Z", "groups": [1], "user_permissions": []}}, {"model": "auth.user", "pk": 3, "fields": {"password": "pbkdf2_sha256$720000$jNmpzaor5GZzvnBvTgNb87$+bRfxJTTx9Ruz+mK1HDd3+oi2fJZ8cozNNC2dKLDx2g=", "last_login": "2024-06-11T18:47:15.593Z", "is_superuser": false, "username": "client", "first_name": "", "last_name": "", "email": "", "is_staff": false, "is_active": true, "date_joined": "2024-06-11T18:26:49.893Z", "groups": [], "user_permissions": []}}, {"model": "contenttypes.contenttype", "pk": 1, "fields": {"app_label": "admin", "model": "logentry"}}, {"model": "contenttypes.contenttype", "pk": 2, "fields": {"app_label": "auth", "model": "permission"}}, {"model": "contenttypes.contenttype", "pk": 3, "fields": {"app_label": "auth", "model": "group"}}, {"model": "contenttypes.contenttype", "pk": 4, "fields": {"app_label": "auth", "model": "user"}}, {"model": "contenttypes.contenttype", "pk": 5, "fields": {"app_label": "contenttypes", "model": "contenttype"}}, {"model": "contenttypes.contenttype", "pk": 6, "fields": {"app_label": "sessions", "model": "session"}}, {"model": "contenttypes.contenttype", "pk": 7, "fields": {"app_label": "shop", "model": "authgroup"}}, {"model": "contenttypes.contenttype", "pk": 8, "fields": {"app_label": "shop", "model": "authgrouppermissions"}}, {"model": "contenttypes.contenttype", "pk": 9, "fields": {"app_label": "shop", "model": "authpermission"}}, {"model": "contenttypes.contenttype", "pk": 10, "fields": {"app_label": "shop", "model": "authuser"}}, {"model": "contenttypes.contenttype", "pk": 11, "fields": {"app_label": "shop", "model": "authusergroups"}}, {"model": "contenttypes.contenttype", "pk": 12, "fields": {"app_label": "shop", "model": "authuseruserpermissions"}}, {"model": "contenttypes.contenttype", "pk": 13, "fields": {"app_label": "shop", "model": "djangocontenttype"}}, {"model": "contenttypes.contenttype", "pk": 14, "fields": {"app_label": "shop", "model": "djangomigrations"}}, {"model": "contenttypes.contenttype", "pk": 15, "fields": {"app_label": "shop", "model": "djangosession"}}, {"model": "contenttypes.contenttype", "pk": 16, "fields": {"app_label": "shop", "model": "djangoadminlog"}}, {"model": "contenttypes.contenttype", "pk": 17, "fields": {"app_label": "shop", "model": "product"}}, {"model": "contenttypes.contenttype", "pk": 18, "fields": {"app_label": "shop", "model": "order"}}, {"model": "contenttypes.contenttype", "pk": 19, "fields": {"app_label": "shop", "model": "review"}}, {"model": "sessions.session", "pk": "hoskhjmed1bogvgxzex2n2fxa4pf3t40", "fields": {"session_data": ".eJxVjDkOwjAURO_iGlmOHS9Q0nOG6G_GAWRLWSrE3UmkFNBMMe_NvNUA61KGdZZpGFldlFOn3w6BnlJ3wA-o96ap1WUaUe-KPuisb43ldT3cv4MCc9nWAJHEkuWAyYYE6KR3aANnJrQm2s5T5gBGOi-GzBbi-ojJB_D5TOrzBQrROKw:1sH6WZ:d_yWtbKNi3zBOd4_f4Jt56YCVSFxRJRid3kD5E3qERY", "expire_date": "2024-06-25T18:47:15.595Z"}}, {"model": "shop.authgroup", "pk": 1, "fields": {"name": "owner"}}, {"model": "shop.authpermission", "pk": 1, "fields": {"name": "Can add log entry", "content_type": 1, "codename": "add_logentry"}}, {"model": "shop.authpermission", "pk": 2, "fields": {"name": "Can change log entry", "content_type": 1, "codename": "change_logentry"}}, {"model": "shop.authpermission", "pk": 3, "fields": {"name": "Can delete log entry", "content_type": 1, "codename": "delete_logentry"}}, {"model": "shop.authpermission", "pk": 4, "fields": {"name": "Can view log entry", "content_type": 1, "codename": "view_logentry"}}, {"model": "shop.authpermission", "pk": 5, "fields": {"name": "Can add permission", "content_type": 2, "codename": "add_permission"}}, {"model": "shop.authpermission", "pk": 6, "fields": {"name": "Can change permission", "content_type": 2, "codename": "change_permission"}}, {"model": "shop.authpermission", "pk": 7, "fields": {"name": "Can delete permission", "content_type": 2, "codename": "delete_permission"}}, {"model": "shop.authpermission", "pk": 8, "fields": {"name": "Can view permission", "content_type": 2, "codename": "view_permission"}}, {"model": "shop.authpermission", "pk": 9, "fields": {"name": "Can add group", "content_type": 3, "codename": "add_group"}}, {"model": "shop.authpermission", "pk": 10, "fields": {"name": "Can change group", "content_type": 3, "codename": "change_group"}}, {"model": "shop.authpermission", "pk": 11, "fields": {"name": "Can delete group", "content_type": 3, "codename": "delete_group"}}, {"model": "shop.authpermission", "pk": 12, "fields": {"name": "Can view group", "content_type": 3, "codename": "view_group"}}, {"model": "shop.authpermission", "pk": 13, "fields": {"name": "Can add user", "content_type": 4, "codename": "add_user"}}, {"model": "shop.authpermission", "pk": 14, "fields": {"name": "Can change user", "content_type": 4, "codename": "change_user"}}, {"model": "shop.authpermission", "pk": 15, "fields": {"name": "Can delete user", "content_type": 4, "codename": "delete_user"}}, {"model": "shop.authpermission", "pk": 16, "fields": {"name": "Can view user", "content_type": 4, "codename": "view_user"}}, {"model": "shop.authpermission", "pk": 17, "fields": {"name": "Can add content type", "content_type": 5, "codename": "add_contenttype"}}, {"model": "shop.authpermission", "pk": 18, "fields": {"name": "Can change content type", "content_type": 5, "codename": "change_contenttype"}}, {"model": "shop.authpermission", "pk": 19, "fields": {"name": "Can delete content type", "content_type": 5, "codename": "delete_contenttype"}}, {"model": "shop.authpermission", "pk": 20, "fields": {"name": "Can view content type", "content_type": 5, "codename": "view_contenttype"}}, {"model": "shop.authpermission", "pk": 21, "fields": {"name": "Can add session", "content_type": 6, "codename": "add_session"}}, {"model": "shop.authpermission", "pk": 22, "fields": {"name": "Can change session", "content_type": 6, "codename": "change_session"}}, {"model": "shop.authpermission", "pk": 23, "fields": {"name": "Can delete session", "content_type": 6, "codename": "delete_session"}}, {"model": "shop.authpermission", "pk": 24, "fields": {"name": "Can view session", "content_type": 6, "codename": "view_session"}}, {"model": "shop.authpermission", "pk": 25, "fields": {"name": "Can add auth group", "content_type": 7, "codename": "add_authgroup"}}, {"model": "shop.authpermission", "pk": 26, "fields": {"name": "Can change auth group", "content_type": 7, "codename": "change_authgroup"}}, {"model": "shop.authpermission", "pk": 27, "fields": {"name": "Can delete auth group", "content_type": 7, "codename": "delete_authgroup"}}, {"model": "shop.authpermission", "pk": 28, "fields": {"name": "Can view auth group", "content_type": 7, "codename": "view_authgroup"}}, {"model": "shop.authpermission", "pk": 29, "fields": {"name": "Can add auth group permissions", "content_type": 8, "codename": "add_authgrouppermissions"}}, {"model": "shop.authpermission", "pk": 30, "fields": {"name": "Can change auth group permissions", "content_type": 8, "codename": "change_authgrouppermissions"}}, {"model": "shop.authpermission", "pk": 31, "fields": {"name": "Can delete auth group permissions", "content_type": 8, "codename": "delete_authgrouppermissions"}}, {"model": "shop.authpermission", "pk": 32, "fields": {"name": "Can view auth group permissions", "content_type": 8, "codename": "view_authgrouppermissions"}}, {"model": "shop.authpermission", "pk": 33, "fields": {"name": "Can add auth permission", "content_type": 9, "codename": "add_authpermission"}}, {"model": "shop.authpermission", "pk": 34, "fields": {"name": "Can change auth permission", "content_type": 9, "codename": "change_authpermission"}}, {"model": "shop.authpermission", "pk": 35, "fields": {"name": "Can delete auth permission", "content_type": 9, "codename": "delete_authpermission"}}, {"model": "shop.authpermission", "pk": 36, "fields": {"name": "Can view auth permission", "content_type": 9, "codename": "view_authpermission"}}, {"model": "shop.authpermission", "pk": 37, "fields": {"name": "Can add auth user", "content_type": 10, "codename": "add_authuser"}}, {"model": "shop.authpermission", "pk": 38, "fields": {"name": "Can change auth user", "content_type": 10, "codename": "change_authuser"}}, {"model": "shop.authpermission", "pk": 39, "fields": {"name": "Can delete auth user", "content_type": 10, "codename": "delete_authuser"}}, {"model": "shop.authpermission", "pk": 40, "fields": {"name": "Can view auth user", "content_type": 10, "codename": "view_authuser"}}, {"model": "shop.authpermission", "pk": 41, "fields": {"name": "Can add auth user groups", "content_type": 11, "codename": "add_authusergroups"}}, {"model": "shop.authpermission", "pk": 42, "fields": {"name": "Can change auth user groups", "content_type": 11, "codename": "change_authusergroups"}}, {"model": "shop.authpermission", "pk": 43, "fields": {"name": "Can delete auth user groups", "content_type": 11, "codename": "delete_authusergroups"}}, {"model": "shop.authpermission", "pk": 44, "fields": {"name": "Can view auth user groups", "content_type": 11, "codename": "view_authusergroups"}}, {"model": "shop.authpermission", "pk": 45, "fields": {"name": "Can add auth user user permissions", "content_type": 12, "codename": "add_authuseruserpermissions"}}, {"model": "shop.authpermission", "pk": 46, "fields": {"name": "Can change auth user user permissions", "content_type": 12, "codename": "change_authuseruserpermissions"}}, {"model": "shop.authpermission", "pk": 47, "fields": {"name": "Can delete auth user user permissions", "content_type": 12, "codename": "delete_authuseruserpermissions"}}, {"model": "shop.authpermission", "pk": 48, "fields": {"name": "Can view auth user user permissions", "content_type": 12, "codename": "view_authuseruserpermissions"}}, {"model": "shop.authpermission", "pk": 49, "fields": {"name": "Can add django content type", "content_type": 13, "codename": "add_djangocontenttype"}}, {"model": "shop.authpermission", "pk": 50, "fields": {"name": "Can change django content type", "content_type": 13, "codename": "change_djangocontenttype"}}, {"model": "shop.authpermission", "pk": 51, "fields": {"name": "Can delete django content type", "content_type": 13, "codename": "delete_djangocontenttype"}}, {"model": "shop.authpermission", "pk": 52, "fields": {"name": "Can view django content type", "content_type": 13, "codename": "view_djangocontenttype"}}, {"model": "shop.authpermission", "pk": 53, "fields": {"name": "Can add django migrations", "content_type": 14, "codename": "add_djangomigrations"}}, {"model": "shop.authpermission", "pk": 54, "fields": {"name": "Can change django migrations", "content_type": 14, "codename": "change_djangomigrations"}}, {"model": "shop.authpermission", "pk": 55, "fields": {"name": "Can delete django migrations", "content_type": 14, "codename": "delete_djangomigrations"}}, {"model": "shop.authpermission", "pk": 56, "fields": {"name": "Can view django migrations", "content_type": 14, "codename": "view_djangomigrations"}}, {"model": "shop.authpermission", "pk": 57, "fields": {"name": "Can add django session", "content_type": 15, "codename": "add_djangosession"}}, {"model": "shop.authpermission", "pk": 58, "fields": {"name": "Can change django session", "content_type": 15, "codename": "change_djangosession"}}, {"model": "shop.authpermission", "pk": 59, "fields": {"name": "Can delete django session", "content_type": 15, "codename": "delete_djangosession"}}, {"model": "shop.authpermission", "pk": 60, "fields": {"name": "Can view django session", "content_type": 15, "codename": "view_djangosession"}}, {"model": "shop.authpermission", "pk": 61, "fields": {"name": "Can add django admin log", "content_type": 16, "codename": "add_djangoadminlog"}}, {"model": "shop.authpermission", "pk": 62, "fields": {"name": "Can change django admin log", "content_type": 16, "codename": "change_djangoadminlog"}}, {"model": "shop.authpermission", "pk": 63, "fields": {"name": "Can delete django admin log", "content_type": 16, "codename": "delete_djangoadminlog"}}, {"model": "shop.authpermission", "pk": 64, "fields": {"name": "Can view django admin log", "content_type": 16, "codename": "view_djangoadminlog"}}, {"model": "shop.authpermission", "pk": 65, "fields": {"name": "Can add product", "content_type": 17, "codename": "add_product"}}, {"model": "shop.authpermission", "pk": 66, "fields": {"name": "Can change product", "content_type": 17, "codename": "change_product"}}, {"model": "shop.authpermission", "pk": 67, "fields": {"name": "Can delete product", "content_type": 17, "codename": "delete_product"}}, {"model": "shop.authpermission", "pk": 68, "fields": {"name": "Can view product", "content_type": 17, "codename": "view_product"}}, {"model": "shop.authpermission", "pk": 69, "fields": {"name": "Can add order", "content_type": 18, "codename": "add_order"}}, {"model": "shop.authpermission", "pk": 70, "fields": {"name": "Can change order", "content_type": 18, "codename": "change_order"}}, {"model": "shop.authpermission", "pk": 71, "fields": {"name": "Can delete order", "content_type": 18, "codename": "delete_order"}}, {"model": "shop.authpermission", "pk": 72, "fields": {"name": "Can view order", "content_type": 18, "codename": "view_order"}}, {"model": "shop.authpermission", "pk": 73, "fields": {"name": "Can add review", "content_type": 19, "codename": "add_review"}}, {"model": "shop.authpermission", "pk": 74, "fields": {"name": "Can change review", "content_type": 19, "codename": "change_review"}}, {"model": "shop.authpermission", "pk": 75, "fields": {"name": "Can delete review", "content_type": 19, "codename": "delete_review"}}, {"model": "shop.authpermission", "pk": 76, "fields": {"name": "Can view review", "content_type": 19, "codename": "view_review"}}, {"model": "shop.authuser", "pk": 1, "fields": {"password": "pbkdf2_sha256$720000$5HL3poC6vcoWpkpjWNBC5U$C/TH2d8/nQGdW3ABmi/1nbr2MwqZO2diiAn1dCCayHw=", "last_login": "2024-06-11T18:26:07.339Z", "is_superuser": true, "username": "admin", "first_name": "", "last_name": "", "email": "admin@admin.adm", "is_staff": true, "is_active": true, "date_joined": "2024-06-11T18:26:03.886Z"}}, {"model": "shop.authuser", "pk": 2, "fields": {"password": "pbkdf2_sha256$720000$DZfuSq7PwhQ2EODVWFbHo9$1+RNwE/NUUmbVSdb9INS6t6dM96bRaBblBiYi2C4ESs=", "last_login": "2024-06-11T18:43:24.507Z", "is_superuser": false, "username": "owner", "first_name": "", "last_name": "", "email": "", "is_staff": false, "is_active": true, "date_joined": "2024-06-11T18:26:37Z"}}, {"model": "shop.authuser", "pk": 3, "fields": {"password": "pbkdf2_sha256$720000$jNmpzaor5GZzvnBvTgNb87$+bRfxJTTx9Ruz+mK1HDd3+oi2fJZ8cozNNC2dKLDx2g=", "last_login": "2024-06-11T18:47:15.593Z", "is_superuser": false, "username": "client", "first_name": "", "last_name": "", "email": "", "is_staff": false, "is_active": true, "date_joined": "2024-06-11T18:26:49.893Z"}}, {"model": "shop.authusergroups", "pk": 1, "fields": {"user": 2, "group": 1}}, {"model": "shop.djangocontenttype", "pk": 1, "fields": {"app_label": "admin", "model": "logentry"}}, {"model": "shop.djangocontenttype", "pk": 2, "fields": {"app_label": "auth", "model": "permission"}}, {"model": "shop.djangocontenttype", "pk": 3, "fields": {"app_label": "auth", "model": "group"}}, {"model": "shop.djangocontenttype", "pk": 4, "fields": {"app_label": "auth", "model": "user"}}, {"model": "shop.djangocontenttype", "pk": 5, "fields": {"app_label": "contenttypes", "model": "contenttype"}}, {"model": "shop.djangocontenttype", "pk": 6, "fields": {"app_label": "sessions", "model": "session"}}, {"model": "shop.djangocontenttype", "pk": 7, "fields": {"app_label": "shop", "model": "authgroup"}}, {"model": "shop.djangocontenttype", "pk": 8, "fields": {"app_label": "shop", "model": "authgrouppermissions"}}, {"model": "shop.djangocontenttype", "pk": 9, "fields": {"app_label": "shop", "model": "authpermission"}}, {"model": "shop.djangocontenttype", "pk": 10, "fields": {"app_label": "shop", "model": "authuser"}}, {"model": "shop.djangocontenttype", "pk": 11, "fields": {"app_label": "shop", "model": "authusergroups"}}, {"model": "shop.djangocontenttype", "pk": 12, "fields": {"app_label": "shop", "model": "authuseruserpermissions"}}, {"model": "shop.djangocontenttype", "pk": 13, "fields": {"app_label": "shop", "model": "djangocontenttype"}}, {"model": "shop.djangocontenttype", "pk": 14, "fields": {"app_label": "shop", "model": "djangomigrations"}}, {"model": "shop.djangocontenttype", "pk": 15, "fields": {"app_label": "shop", "model": "djangosession"}}, {"model": "shop.djangocontenttype", "pk": 16, "fields": {"app_label": "shop", "model": "djangoadminlog"}}, {"model": "shop.djangocontenttype", "pk": 17, "fields": {"app_label": "shop", "model": "product"}}, {"model": "shop.djangocontenttype", "pk": 18, "fields": {"app_label": "shop", "model": "order"}}, {"model": "shop.djangocontenttype", "pk": 19, "fields": {"app_label": "shop", "model": "review"}}, {"model": "shop.djangomigrations", "pk": 1, "fields": {"app": "contenttypes", "name": "0001_initial", "applied": "2024-06-11T18:23:15.010Z"}}, {"model": "shop.djangomigrations", "pk": 2, "fields": {"app": "auth", "name": "0001_initial", "applied": "2024-06-11T18:23:15.080Z"}}, {"model": "shop.djangomigrations", "pk": 3, "fields": {"app": "admin", "name": "0001_initial", "applied": "2024-06-11T18:23:15.098Z"}}, {"model": "shop.djangomigrations", "pk": 4, "fields": {"app": "admin", "name": "0002_logentry_remove_auto_add", "applied": "2024-06-11T18:23:15.103Z"}}, {"model": "shop.djangomigrations", "pk": 5, "fields": {"app": "admin", "name": "0003_logentry_add_action_flag_choices", "applied": "2024-06-11T18:23:15.109Z"}}, {"model": "shop.djangomigrations", "pk": 6, "fields": {"app": "contenttypes", "name": "0002_remove_content_type_name", "applied": "2024-06-11T18:23:15.120Z"}}, {"model": "shop.djangomigrations", "pk": 7, "fields": {"app": "auth", "name": "0002_alter_permission_name_max_length", "applied": "2024-06-11T18:23:15.129Z"}}, {"model": "shop.djangomigrations", "pk": 8, "fields": {"app": "auth", "name": "0003_alter_user_email_max_length", "applied": "2024-06-11T18:23:15.134Z"}}, {"model": "shop.djangomigrations", "pk": 9, "fields": {"app": "auth", "name": "0004_alter_user_username_opts", "applied": "2024-06-11T18:23:15.139Z"}}, {"model": "shop.djangomigrations", "pk": 10, "fields": {"app": "auth", "name": "0005_alter_user_last_login_null", "applied": "2024-06-11T18:23:15.145Z"}}, {"model": "shop.djangomigrations", "pk": 11, "fields": {"app": "auth", "name": "0006_require_contenttypes_0002", "applied": "2024-06-11T18:23:15.146Z"}}, {"model": "shop.djangomigrations", "pk": 12, "fields": {"app": "auth", "name": "0007_alter_validators_add_error_messages", "applied": "2024-06-11T18:23:15.150Z"}}, {"model": "shop.djangomigrations", "pk": 13, "fields": {"app": "auth", "name": "0008_alter_user_username_max_length", "applied": "2024-06-11T18:23:15.159Z"}}, {"model": "shop.djangomigrations", "pk": 14, "fields": {"app": "auth", "name": "0009_alter_user_last_name_max_length", "applied": "2024-06-11T18:23:15.164Z"}}, {"model": "shop.djangomigrations", "pk": 15, "fields": {"app": "auth", "name": "0010_alter_group_name_max_length", "applied": "2024-06-11T18:23:15.169Z"}}, {"model": "shop.djangomigrations", "pk": 16, "fields": {"app": "auth", "name": "0011_update_proxy_permissions", "applied": "2024-06-11T18:23:15.174Z"}}, {"model": "shop.djangomigrations", "pk": 17, "fields": {"app": "auth", "name": "0012_alter_user_first_name_max_length", "applied": "2024-06-11T18:23:15.179Z"}}, {"model": "shop.djangomigrations", "pk": 18, "fields": {"app": "sessions", "name": "0001_initial", "applied": "2024-06-11T18:23:15.195Z"}}, {"model": "shop.djangomigrations", "pk": 19, "fields": {"app": "shop", "name": "0001_initial", "applied": "2024-06-11T18:23:15.233Z"}}, {"model": "shop.djangomigrations", "pk": 20, "fields": {"app": "shop", "name": "0002_product_price", "applied": "2024-06-11T18:38:36.347Z"}}, {"model": "shop.djangosession", "pk": "hoskhjmed1bogvgxzex2n2fxa4pf3t40", "fields": {"session_data": ".eJxVjDkOwjAURO_iGlmOHS9Q0nOG6G_GAWRLWSrE3UmkFNBMMe_NvNUA61KGdZZpGFldlFOn3w6BnlJ3wA-o96ap1WUaUe-KPuisb43ldT3cv4MCc9nWAJHEkuWAyYYE6KR3aANnJrQm2s5T5gBGOi-GzBbi-ojJB_D5TOrzBQrROKw:1sH6WZ:d_yWtbKNi3zBOd4_f4Jt56YCVSFxRJRid3kD5E3qERY", "expire_date": "2024-06-25T18:47:15.595Z"}}, {"model": "shop.order", "pk": "0638c6d2-af2e-46af-8d6e-5359858f6c2b", "fields": {"product": "c074e26e-9523-40c4-b89f-62378e669821", "timestamp": "2024-06-11T19:56:17.146Z", "user": 3}}, {"model": "shop.product", "pk": "3a11e31a-446d-47d6-93e7-c1b4e9a4c99b", "fields": {"name": "ANJOUFEMME Casual Winter Hiking Boots For Women - Womens Outdoor Snow Ankle Boots Waterproof Lightweight Lace up Fur Lined Walking Hiking Shoes", "amazon_url": "https://www.amazon.com/Comfortable-Work-Hiking-Boots-Women/dp/B09H5QTLZJ/ref=sr_1_3_sspa", "photo_url": "https://m.media-amazon.com/images/I/8138XDorkQL._AC_SY575_.jpg", "price": 54.99, "listed": false}}, {"model": "shop.product", "pk": "6399c7fa-2280-4101-b098-59cb0b2e75b9", "fields": {"name": "Family Pool Inflatable with Pump - 136'' x 72'' x 22'' Swimming Lounge Pools for Adults Family", "amazon_url": "https://www.amazon.com/Vantacent89-Family-Pool-Inflatable-Pump/dp/B0CT2VDX4W/ref=sr_1_1_sspa", "photo_url": "https://m.media-amazon.com/images/I/713jMvfNPDL._AC_SL1500_.jpg", "price": 79.99, "listed": false}}, {"model": "shop.product", "pk": "7dbd0db3-280c-4c90-b685-1e2ef4fd48e1", "fields": {"name": "WIHOLL Women's Summer Sleeveless Boat Neck Mini Dress Slim Fit Party Club Bodycon Dresses", "amazon_url": "https://www.amazon.com/WIHOLL-Sleeveless-Bodycon-Dresses-Graduation/dp/B0CXD33C2M/ref=sr_1_9", "photo_url": "https://m.media-amazon.com/images/I/71YWbxQx0iL._AC_SY550_.jpg", "price": 36.99, "listed": true}}, {"model": "shop.product", "pk": "a06856ac-5934-4146-b582-85409809f4fc", "fields": {"name": "Amazon Essentials Women's Tank Swing Dress (Available in Plus Size)", "amazon_url": "https://www.amazon.com/Amazon-Essentials-Womens-Burgundy-X-Small/dp/B096Y4HGC2/ref=sr_1_1_ffob_sspa", "photo_url": "https://m.media-amazon.com/images/I/61wAt10otZL._AC_SY550_.jpg", "price": 26.9, "listed": true}}, {"model": "shop.product", "pk": "b76ba551-d598-48dc-b39b-53d7562ba349", "fields": {"name": "Amazon Essentials Women's Lightweight Water-Resistant Hooded Puffer Coat (Available in Plus Size)", "amazon_url": "https://www.amazon.com/Amazon-Essentials-Lightweight-Water-Resistant-Packable/dp/B07BMP1FVZ/ref=sr_1_1_ffob_sspa", "photo_url": "https://m.media-amazon.com/images/I/71-e9KK0M5L._AC_SY550_.jpg", "price": 61.7, "listed": false}}, {"model": "shop.product", "pk": "c074e26e-9523-40c4-b89f-62378e669821", "fields": {"name": "OUGES Women's Summer Short Sleeve V-Neck Floral Short Party Dress with Pockets", "amazon_url": "https://www.amazon.com/OUGES-Womens-Pattern-Pockets-Floral01/dp/B07N2PF7G4/ref=sr_1_3_sspa", "photo_url": "https://m.media-amazon.com/images/I/712UlHcP0FL._AC_SX466_.jpg", "price": 36.99, "listed": true}}, {"model": "shop.review", "pk": "c9ee610c-f219-4b78-a4b2-e15e1ce450f7", "fields": {"order": "0638c6d2-af2e-46af-8d6e-5359858f6c2b", "rating": 3, "review": "good"}}]